﻿{"cameraMode":{"drawMode":2,"name":"Shaded Wireframe","section":"Shading Mode"},"sceneLighting":false,"audioPlay":false,"sceneViewState":{"showFog":false,"showMaterialUpdate":false,"showSkybox":false,"showFlares":false,"showImageEffects":false,"showParticleSystems":false},"in2DMode":false,"pivot":{"x":0.0,"y":-0.013999998569488526,"z":16.200000762939454},"rotation":{"x":0.6985676288604736,"y":-0.0021466196049004795,"z":0.002095709554851055,"w":0.7155375480651856},"size":1.4289418458938599,"orthographic":false}